<?xml version="1.0" encoding="UTF-8"?>
<project-private xmlns="http://www.netbeans.org/ns/project-private/1">
    <editor-bookmarks xmlns="http://www.netbeans.org/ns/editor-bookmarks/2" lastBookmarkId="0"/>
    <open-files xmlns="http://www.netbeans.org/ns/projectui-open-files/2">
        <group>
            <file>file:/C:/Users/Tom%20Graham/Documents/GitHub/GameEngines/TomGrahamMP3/public_html/src/Engine/Renderables/FontRenderable.js</file>
            <file>file:/C:/Users/Tom%20Graham/Documents/GitHub/GameEngines/TomGrahamMP3/public_html/src/MyGame/ZoomedViews.js</file>
            <file>file:/C:/Users/Tom%20Graham/Documents/GitHub/GameEngines/TomGrahamMP3/public_html/src/MyGame/MainView.js</file>
            <file>file:/C:/Users/Tom%20Graham/Documents/GitHub/GameEngines/TomGrahamMP3/public_html/src/Engine/Renderables/SpriteAnimateRenderable.js</file>
            <file>file:/C:/Users/Tom%20Graham/Documents/GitHub/GameEngines/TomGrahamMP3/public_html/index.html</file>
            <file>file:/C:/Users/Tom%20Graham/Documents/GitHub/GameEngines/TomGrahamMP3/public_html/src/Engine/Renderables/SpriteRenderable.js</file>
            <file>file:/C:/Users/Tom%20Graham/Documents/GitHub/GameEngines/TomGrahamMP3/public_html/src/MyGame/MyGame.js</file>
            <file>file:/C:/Users/Tom%20Graham/Documents/GitHub/GameEngines/TomGrahamMP3/public_html/src/Engine/Renderables/SpriteSource.js</file>
            <file>file:/C:/Users/Tom%20Graham/Documents/GitHub/GameEngines/TomGrahamMP3/public_html/assets/Consolas-72.png</file>
            <file>file:/C:/Users/Tom%20Graham/Documents/GitHub/GameEngines/TomGrahamMP3/public_html/src/MyGame/AnimationView.js</file>
            <file>file:/C:/Users/Tom%20Graham/Documents/GitHub/GameEngines/TomGrahamMP3/public_html/src/Engine/Renderables/InteractiveObject.js</file>
        </group>
    </open-files>
</project-private>
